                  epoch,             train/loss,  metrics/accuracy_top1,  metrics/accuracy_top5,               val/loss,                 lr/pg0,                 lr/pg1,                 lr/pg2
                      1,                  2.148,                0.63685,                0.95594,                 2.3418,             0.00023727,             0.00023727,             0.00023727
                      2,                0.90143,                0.88652,                      1,                 2.0327,             0.00031843,             0.00031843,             0.00031843
                      3,                0.43418,                 0.9506,                      1,                 1.9389,             0.00024251,             0.00024251,             0.00024251
